a|a|avoir|HABERE||VERB||Fin,Ind,Pres,Act,Trans,3,Sing
abandonance|abandonance||||||
achevee|achevee|achever|CAPUT||VERB|compPass|Ind,Part,Past,Sing,Fem,MWEs
achevé|achevé|achever|CAPUT||VERB|compPass|Ind,Part,Past,Sing,Masc,MWEs
adonc|adonc|adonc|DUNC||ADV||
afaire|afaire|afaire|FACERE||NOUN||Masc,Sing,Acc
afer|afer|afaire|FACERE||NOUN||Masc,Sing,Nom
ahornement|ahornement|aornement|ADORNARE||NOUN||Masc,Sing,Acc
ai|ai|avoir|HABERE||VERB|auxTens|Fin,Ind,Pres,1,Sing,MWEs
alast|alast|aler (GDC)|AMBULARE||VERB||Fin,Sub,Imp,Intr,3,Sing
alee|alee|aler (GDC)|AMBULARE||VERB|compTens|Ind,Part,Past,Sing,Fem,MWEs
aloit|aloit|aler (GDC)|AMBULARE||VERB||Fin,Ind,Imp,Intr,3,Sing
amenee|amenee|amener|MINARE||VERB|compTens|Ind,Part,Past,Sing,Fem,MWEs
amis|amis2|ami|AMICUS||NOUN||Masc,Plur,Acc
andromacha|andromacha|Andromaque|||PROPN||Fem,Sing
annee|annee|ainzné|ANTENATUS||ADJ||Fem,Sing
antenoride|antenoride||||||
apellee|apellee|apeler|APPELLARE||VERB|compPass|Ind,Part,Past,Sing,Fem,MWEs
apressés|apressés|apresser|PRESSARE||VERB|compPass|Ind,Part,Past,Sing,Masc,MWEs
apris|apris||||||
aprés|aprés1|après|AD PRESSUM||ADV||Tim
archee|archee||||||
as|as|a3|AD||ADP||PrepArt
asaillir|asaillir|assalir|*ASSALIRE||VERB||Ind,Inf,Pres,Act,Trans
asegier|asegier|assegier|SEDICARE||VERB||Ind,Inf,Pres,Act,Trans
asis|asis1|asseoir (TLF)|SEDERE||VERB|compPass|Ind,Part,Past,Plur,Masc,MWEs
asise|asise1|asseoir (TLF)|SEDERE||VERB|compPass|Ind,Part,Past,Sing,Fem,MWEs
asés|asés|assez|AD SATIS||ADV||
au|au|a3|AD||ADP||PrepArt
ausi|ausi|aussi|SIC||ADV||
ausi_com|ausi_com|aussi|SIC||ADV|Adv|MWEs
aut|aut|haut|ALTUS||ADJ||Masc,Sing,Acc
aute|aute|haut|ALTUS||ADJ||Fem,Sing
autel|autel|autel2|ALTARE||NOUN||Masc,Sing,Acc
autes|autes|haut|ALTUS||ADJ||Fem,Plur
autre|autre5|autre|ALTER||PRON||Ind,Fem,Sing
autre|autre6|autre|ALTER||DET||Ind,Masc,Sing,Acc
autres|autres|autre|ALTER||PRON||Ind,Masc,Plur,Acc
autres|autres2|autre|ALTER||DET||Ind,Masc,Plur,Acc
autres|autres3|autre|ALTER||DET||Ind,Fem,Plur
avant|avant|avant|ABANTE||ADV||
avec|avec|avuec|AB HOC||ADP||
avec|avec1|avuec|AB HOC||ADV||Tim
avironee|avironee2|avironer|VIBRARE||VERB|compPass|Ind,Part,Past,Sing,Fem,MWEs
avoient|avoient1|avoir|HABERE||VERB|auxTens|Fin,Ind,Imp,3,Plur,MWEs
avoir|avoir1|avoir|HABERE||VERB|Noun|Ind,Inf,Pres
avoit|avoit|avoir|HABERE||VERB||Fin,Ind,Imp,Act,Trans,3,Sing
avoit|avoit1|avoir|HABERE||VERB|auxTens|Fin,Ind,Imp,3,Sing,MWEs
avoit|avoit2|avoir|HABERE||VERB||Fin,Ind,Imp,Intr,3,Sing
avront|avront|avoir|HABERE||VERB|auxTens|Fin,Ind,Fut,3,Plur,MWEs
aï|aï||||||
barbacaines|barbacaines|barbacane|BALAHANA||NOUN||Fem,Sing
barons|barons|baron|*BARO||NOUN||Masc,Plur,Nom
batailles|batailles|bataille|BATTUALIA||NOUN||Fem,Plur
bel|bel|bel|BELLUS||ADJ||Masc,Sing,Nom
belle|belle|bel|BELLUS||ADJ||Fem,Sing
belles|belles|bel|BELLUS||ADJ||Fem,Plur
benus|benus|ebenus|EBENUS||NOUN||Masc,Sing,Acc
bestes|bestes|beste|BESTIA||NOUN||Fem,Plur
biau|biau|bel|BELLUS||ADJ||Masc,Sing,Nom
biauté|biauté|biauté|BELLUS||NOUN||Fem,Sing
bien|bien|bien2|BENE||ADV||Man
bis|bis|bis|*BOMBYCEUS||ADJ||Masc,Plur,Nom
bis|bis1|bis|*BOMBYCEUS||ADJ||Masc,Sing,Acc
blanc|blanc1|blanc|*BLANK||ADJ||Masc,Plur,Nom
blef|blef||||||
boivre|boivre|boivre|BIBERE||VERB||Ind,Inf,Pres,Act,Trans
bon|bon2|bon|BONUS||ADJ||Masc,Sing,Nom
bone|bone|bon|BONUS||ADJ||Fem,Sing
bons|bons|bon|BONUS||ADJ||Masc,Plur,Acc
bonté|bonté|bonté|BONITAS||NOUN||Fem,Sing
borgiois|borgiois|borjois|*BURG-||NOUN||Masc,Plur,Acc
car|car|car|QUARE||SCONJ||
casandre|casandre|Cassandre|||PROPN||Fem,Sing
ce|ce1|ce1|HOC||PRON||Dem,Neut,Sing,Acc
ce_q’|ce_q’||||||
cel|cel|tel|TALIS||DET||Ind,Fem,Sing
cele|cele|cel|ILLE||DET||Dem,Fem,Sing
celui|celui|cel|ILLE||DET||Dem,Masc,Sing,Nom
celui|celui1|cel|ILLE||DET||Dem,Masc,Sing,Acc
celui|celui2|cel|ILLE||PRON||Dem,Masc,Sing,Nom
certes|certes|certes|CERTUS||ADV||
ces|ces1|ce2|ISTE||DET||Dem,Masc,Plur,Acc
ceste|ceste1|cest|ISTE||DET||Dem,Fem,Sing
cestui|cestui1|cest|ISTE||DET||Dem,Masc,Sing,Acc
cestui|cestui2|cest|ISTE||DET||Dem,Masc,Sing,Nom
chanbres|chanbres|chambre1|CAMERA||NOUN||Fem,Plur
chapitel|chapitel|chapitel|CAPITELLUM||NOUN||Masc,Sing,Nom
chastel|chastel|chastel|CASTELLUM||NOUN||Masc,Sing,Acc
cheitif|cheitif|chaitif|CAPTIVUS||ADJ||Masc,Sing,Nom
chete|chete||||||
chevalerie|chevalerie|chevalerie|CABALLARIUS||NOUN||Fem,Sing
chevaleries|chevaleries|chevalerie|CABALLARIUS||NOUN||Fem,Plur
chevalier|chevalier|chevalier|CABALLARIUS||NOUN||Masc,Sing,Nom
chevaliers|chevaliers|chevalier|CABALLARIUS||NOUN||Masc,Plur,Nom
chevaliers|chevaliers1|chevalier|CABALLARIUS||NOUN||Masc,Plur,Acc
chief|chief|chief1|CAPUT||NOUN||Masc,Sing,Acc
chouses|chouses|chose|CAUSA||NOUN||Fem,Plur
ciaschune|ciaschune|chascun|CATA||PRON||Ind,Fem,Sing
ciascune|ciascune|chascun|CATA||DET||Ind,Fem,Sing
cité|cité|cité|CIVITAS||NOUN||Fem,Sing
close|close1|clore|CLAUDERE||VERB|compPass|Ind,Part,Past,Sing,Fem,MWEs
clostres|clostres|cloistre|CLAUSTRUM||NOUN||Masc,Plur,Acc
com|com|come1|QUOMODO||SCONJ||
com|com1|come1|QUOMODO||ADV||
comensa|comensa1|comencier|COMINITIARE||VERB||Ind,Part,Past,Act,Trans,3,Sing
coment|coment|coment|QUOMODO||ADV||Int
conmencerent|conmencerent1|comencier|COMINITIARE||VERB||Fin,Ind,Past,Act,Trans,3,Plur
connestable|connestable|conestable|COMES||NOUN||Masc,Sing,Nom
conpaignie|conpaignie|compagnie|COMPANIO||NOUN||Fem,Sing
conpas|conpas|compas|COMPASSARE||NOUN||Masc,Sing,Acc
consoilla|consoilla|conseillier3|CONSILIARE||VERB||Fin,Ind,Past,Intr,3,Sing
contees|contees|conter|COMPUTARE||VERB|compPass|Ind,Part,Past,Plur,Fem,MWEs
conter|conter|conter|COMPUTARE||VERB||Ind,Inf,Pres,Act,Trans
contes|contes|conte2|COMPUTUS||NOUN||Masc,Sing,Nom
conté|conté|conter|COMPUTARE||VERB|compTens|Ind,Part,Past,Sing,Masc,MWEs
conté|conté1|conter|COMPUTARE||VERB|compPass|Ind,Part,Past,Sing,Masc,MWEs
contés|contés|conter|COMPUTARE||VERB|compTens|Ind,Part,Past,Sing,Masc,MWEs
convenoit|convenoit|covenir|CONVENIRE||VERB||Fin,Ind,Imp,Intr,3,Sing
conviegne|conviegne|covenir|CONVENIRE||VERB||Fin,Sub,Pres,Intr,3,Sing
corociés|corociés1|corrocier|*CORRUPTUM||VERB|Adj|Ind,Part,Past,Sing,Masc
cors|cors|cors1|CORPUS||NOUN||Masc,Sing,Acc
cortesie|cortesie|cortoisie|COHORS||NOUN||Fem,Sing
cortois|cortois|cortois|COHORS||ADJ||Masc,Sing,Nom
coulor|coulor|color|COLOR||NOUN||Fem,Sing
coverture|coverture|coveture|COOPERIRE||NOUN||Fem,Sing
creance|creance|crëance|CREDERE||NOUN||Fem,Sing
cremeroit|cremeroit|cremer1|TREMERE||VERB||Fin,Cnd,Pres,Act,Trans,3,Sing
crinellés|crinellés|crenelé|*CRINARE||ADJ||Masc,Plur,Acc
cristal|cristal|cristal|CRYSTALLUS||NOUN||Masc,Sing,Acc
croi|croi|croire|CREDERE||VERB||Fin,Ind,Pres,Intr,1,Sing
cui|cui|qui|QUI||PRON||Rel,Acc
cuidoient|cuidoient|cuidier1|COGITARE||VERB||Fin,Ind,Imp,Intr,3,Plur
cuor|cuor1|cuer2|COR||NOUN||Masc,Sing,Nom
d_entor|d_entor|entor|TORNARE||ADV|Adv|Loc,MWEs
d_entor|d_entor1|entor|TORNARE||ADV|Adp|Loc,MWEs
d_environ|d_environ|environ|VIBRARE||NOUN|Adv|Masc,Sing,Acc
daire|daire|Daires|||PROPN||Masc,Sing,Nom
damaje|damaje|damage|DAMNUM||NOUN||Masc,Sing,Nom
dame|dame|dame|DOMINA||NOUN||Fem,Sing
dames|dames|dame|DOMINA||NOUN||Fem,Plur
damoisel|damoisel|damoisel|*DOMNICELLUS||NOUN||Masc,Sing,Nom
damoiselles|damoiselles|damoisele|*DOMNICELLA||NOUN||Fem,Plur
dardaine|dardaine||||||
de|de|de|DE||ADP||
de_denz|de_denz|dedans|DEINTUS||ADP||
de_lonc|de_lonc|lonc|LONGUS||NOUN|Adv|Masc,Sing
de_sus|de_sus|desus|SURSUM||ADP||
dedenz|dedenz|dedans|DEINTUS||ADP||
defendus|defendus|defendre|DEFENDERE||VERB|compPass|Ind,Part,Past,Plur,Masc,MWEs
defensable|defensable|defensable|DEFENSA||ADJ||Fem,Sing
degastee|degastee|degaster|VASTARE||VERB|Adj|Ind,Part,Past,Sing,Fem
degradant|degradant|degrader|GRADUS||VERB||Ind,Part,Pres,Intr
deifebus|deifebus||||||
deivin|deivin|devin2|DIVINARE||NOUN||Masc,Sing,Nom
delis|delis||||||
deliter|deliter|delitier|DELECTARE||VERB||Ind,Inf,Pres,Act,Trans
dementoit|dementoit|dementer|DEMENTARE||VERB||Fin,Ind,Imp,Rfl,3,Sing
demorer|demorer|demorer|DEMORARI||VERB||Ind,Inf,Pres,Intr
deporter|deporter||||||
des|des1|un|UNUS||DET||ArtIndef,Fem,Plur
des|des2|de|DE||ADP||PrepArt
descovroit|descovroit|descovrir|COOPERIRE||VERB||Fin,Ind,Imp,Act,Trans,3,Sing
desmesuree|desmesuree|desmesurer|MENSURARE||VERB|Adj|Ind,Part,Past,Sing,Fem
desormés|desormés|desormais|HORA||ADV||Tim
desritee|desritee|desireter|HEREDITARE||VERB|compPass|Ind,Part,Past,Sing,Fem,MWEs
destruite|destruite|destruire|DESTRUERE||VERB|compPass|Ind,Part,Past,Sing,Fem,MWEs
destrution|destrution|destructïon|DESTRUERE||NOUN||Fem,Sing
detrenchee|detrenchee|detrenchier|*TRINICARE||VERB|compPass|Ind,Part,Past,Sing,Fem,MWEs
detrenchés|detrenchés|detrenchier|*TRINICARE||VERB|compPass|Ind,Part,Past,Plur,Masc,MWEs
devant|devant|devant|ABANTE||ADV||Loc
devenir|devenir|deviner|DIVINARE||VERB||Ind,Inf,Pres,Act,Trans
devindrent|devindrent|devenir|DEVENIRE||VERB||Fin,Ind,Past,Intr,3,Plur
devinoit|devinoit|deviner|DIVINARE||VERB||Fin,Ind,Imp,Act,Trans,3,Sing
deviser|deviser|deviser|*DEVISARE||VERB||Ind,Inf,Pres,Act,Trans
devisé|devisé|deviser|*DEVISARE||VERB|compPass|Ind,Part,Past,Sing,Masc,MWEs
devoit|devoit|devoir|DEBERE||VERB|auxMod|Fin,Ind,Imp,3,Sing
di|di|dire|DICERE||VERB||Fin,Ind,Pres,Intr,1,Sing
diex|diex|dieu|DEUS||NOUN||Masc,Plur,Acc
dirai|dirai|dire|DICERE||VERB||Fin,Ind,Pres,Intr,1,Sing
dire|dire|dire|DICERE||VERB||Ind,Inf,Pres,Intr
dit|dit|dire|DICERE||VERB||Fin,Ind,Pres,Intr,3,Sing
dit|dit1|dire|DICERE||VERB|compTens|Ind,Part,Past,Sing,Masc,MWEs
dit|dit3|dire|DICERE||VERB|compPass|Ind,Part,Past,Sing,Masc,MWEs
dois|dois||||||
dolereus|dolereus|doloros|DOLOROSUS||ADJ||Masc,Sing,Nom
donc|donc|donc|DUNC||ADV||
dont|dont|dont|UNDE||ADV||
dou|dou|de|DE||ADP||PrepArt
dou_qels|dou_qels||||||
doulent|doulent|dolent|DOLERE||ADJ||Masc,Sing,Nom
doulor|doulor|dolor|DOLOR||NOUN||Masc,Sing,Acc
doulor|doulor1|dolor|DOLOR||NOUN||Fem,Sing
doulor|doulor2|dolor|DOLOR||NOUN||Masc,Sing,Nom
doutast|doutast|doter2|DUBITARE||VERB||Fin,Sub,Imp,Act,Trans,3,Sing
doux|doux|douz|DULCIS||ADJ||Masc,Sing,Nom
droi|droi|droit|DIRECTUS||ADJ||Masc,Sing,Acc
duel|duel1|duel|DOLUS||NOUN||Masc,Sing,Acc
duroit|duroit|durer|DURARE||VERB||Fin,Ind,Imp,Intr,3,Sing
d’|d’|de|DE||ADP||
e|e|et|ET||CCONJ||
echas|echas||||||
ecuba|ecuba|Hécube|||PROPN||Fem,Sing
elle|elle|il|ILLE||PRON||Prs,3,Fem,Sing,Nom
els|els|il|ILLE||PRON||Prs,3,Masc,Plur,Nom
en|en|en1|IN||ADP||
en|en2|en2|INDE||PRON||
encore|encore|encore|HORA||ADV||
enfans|enfans|enfant|INFANS||NOUN||Masc,Plur,Acc
engins|engins|engin|INGENIUM||NOUN||Masc,Sing,Nom
enpire|enpire|empire|IMPERIUM||NOUN||Masc,Sing,Acc
ensausiéz|ensausiéz1|essaucier|*EXALTIARE||VERB|compPass|Ind,Part,Past,Plur,Masc,MWEs
ensi|ensi|ainsi|SIC||ADV||
ensi_com|ensi_com|ainsi|SIC||ADV|Adv|MWEs
ensi_come|ensi_come|ainsi|SIC||ADV|Adv|MWEs
ensilliee|ensilliee|essillier|EXCIDIUM||VERB|Adj|Ind,Part,Past,Sing,Fem
entaalés|entaalés|entaillier|TALIARE||VERB|Adj|Ind,Part,Past,Plur,Masc
entaillee|entaillee|entaillier|TALIARE||VERB|Adj|Ind,Part,Past,Sing,Fem
entailleüres|entailleüres|entaillëure|TALIARE||NOUN||Fem,Plur
entailliés|entailliés|entaillier|TALIARE||VERB|compPass|Ind,Part,Past,Plur,Fem,MWEs
entaillés|entaillés|entaillier|TALIARE||VERB|compPass|Ind,Part,Past,Sing,Masc,MWEs
entente|entente|entente|INTENDERE||NOUN||Fem,Sing
entiers|entiers|entier|INTEGER||ADJ||Masc,Sing,Acc
entor|entor1|entor|TORNARE||ADV||Loc
environ|environ|environ|VIBRARE||NOUN|Adv|Masc,Sing,Acc
envoié|envoié|envoiier|INVIARE||VERB|compPass|Ind,Part,Past,Sing,Masc,MWEs
es|es2|estre|ESSE||VERB|auxCop|Fin,Ind,Pres,2,Sing
escouter|escouter|escouter|AUSCULTARE||VERB||Ind,Inf,Pres,Act,Trans
esillee|esillee|essillier|EXILIARE||VERB|compPass|Ind,Part,Past,Sing,Fem,MWEs
esilliee|esilliee|essillier|EXILIARE||VERB|compPass|Ind,Part,Past,Sing,Fem,MWEs
esionan|esionan|Esionam|||PROPN||Fem,Sing
espeses|espeses|espès|SPISSUS||ADJ||Fem,Plur
est|est1|estre1|ESSE||VERB|auxCop|Fin,Ind,Pres,3,Sing
est|est2|estre1|ESSE||VERB|auxPass|Fin,Ind,Pres,3,Sing,MWEs
establi|establi|establir|STABILIRE||VERB|compPass|Ind,Part,Past,Sing,Masc,MWEs
establie|establie1|establir|STABILIRE||VERB|compPass|Ind,Part,Past,Sing,Fem,MWEs
establir|establir|establir|STABILIRE||VERB||Ind,Inf,Pres,Act,Trans
establirent|establirent|establir|STABILIRE||VERB||Fin,Ind,Past,Act,Trans,3,Plur
estoient|estoient|estre1|ESSE||VERB|auxCop|Fin,Ind,Imp,3,Plur
estoient|estoient1|estre1|ESSE||VERB||Fin,Ind,Imp,Intr,3,Plur
estoient|estoient3|estre1|ESSE||VERB|auxPass|Fin,Ind,Imp,3,Plur,MWEs
estoire|estoire|estoire1|HISTORIA||NOUN||Fem,Sing
estoit|estoit|estre1|ESSE||VERB||Fin,Ind,Imp,Intr,3,Sing
estoit|estoit1|estre1|ESSE||VERB|auxCop|Fin,Ind,Imp,3,Sing
estoit|estoit2|estre1|ESSE||VERB|auxPass|Fin,Ind,Imp,3,Sing,MWEs
estoit|estoit3|estre1|ESSE||VERB|auxTens|Fin,Ind,Imp,3,Sing,MWEs
estre|estre|estre1|ESSE||VERB|auxPass|Ind,Inf,Pres,MWEs
esté|esté1|estre1|ESSE||VERB|compTens|Ind,Part,Past,Sing,Fem,MWEs
esté|esté5|estre1|ESSE||VERB|auxPass|Ind,Part,Past,Sing,Fem,MWEs
esté|esté6|estre1|ESSE||VERB|compTens|Ind,Part,Past,Plur,Fem,MWEs
et|et|et|ET||CCONJ||
etsionan|etsionan|Esionam|||PROPN||Fem,Sing
evre|evre|uevre|OPERA||NOUN||Fem,Sing
fa|fa|faire|FACERE||VERB||Fin,Ind,Pres,Act,Trans,3,Sing
faire|faire|faire|FACERE||VERB||Ind,Inf,Pres,Act,Trans
faison|faison|façon|FACTIO||NOUN||Fem,Sing
fait|fait2|faire|FACERE||VERB|compPass|Ind,Part,Past,Sing,Masc,MWEs
fame|fame|feme|FEMINA||NOUN||Fem,Sing
feme|feme|feme|FEMINA||NOUN||Fem,Sing
feme|feme1|feme|FEMINA||NOUN||Fem,Plur
femelles|femelles|femele|FEMELLA||NOUN||Fem,Plur
femes|femes|feme|FEMINA||NOUN||Fem,Plur
fer|fer1|faire|FACERE||VERB||Ind,Inf,Pres,Act,Trans
fere|fere|faire|FACERE||VERB||Ind,Inf,Pres,Act,Trans
feroit|feroit|faire|FACERE||VERB||Fin,Cnd,Pres,Act,Trans,3,Sing
fet|fet|faire|FACERE||VERB|compTens|Ind,Part,Past,Sing,Masc,MWEs
fete|fete3|faire|FACERE||VERB|compPass|Ind,Part,Past,Sing,Fem,MWEs
fete|fete4|faire|FACERE||VERB|Adj|Ind,Part,Past,Sing,Fem
fetes|fetes1|faire|FACERE||VERB|compPass|Ind,Part,Past,Plur,Fem,MWEs
filles|filles|fille|FILIA||NOUN||Fem,Plur
fils|fils|fil2|FILIUS||NOUN||Masc,Plur,Nom
filz|filz|fil2|FILIUS||NOUN||Masc,Plur,Acc
fin|fin1|fin1|FINIS||NOUN||Fem,Sing
fin|fin2|fin2|FINIS||ADJ||Masc,Sing,Acc
finestres|finestres|fenestre|FENESTRA||NOUN||Fem,Plur
finé|finé|finer|FINIRE||VERB|compTens|Ind,Part,Past,Sing,Masc,MWEs
firent|firent|faire|FACERE||VERB||Fin,Ind,Past,Act,Trans,3,Plur
fist|fist|faire|FACERE||VERB||Fin,Ind,Past,Intr,3,Sing
fist|fist1|faire|FACERE||VERB|auxMod|Fin,Ind,Past,3,Sing
fiz|fiz|fil2|FILIUS||NOUN||Masc,Sing,Nom
fiz|fiz1|fil2|FILIUS||NOUN||Masc,Sing,Acc
foi|foi|foi|FIDES||NOUN||Fem,Sing
fointanes|fointanes|fontaine|FONTANA||NOUN||Fem,Plur
fornis|fornis|fornir|*FRUMJAN||VERB|Adj|Ind,Part,Past,Sing,Masc
fors|fors|fors1|FORAS||ADP||
fors|fors3|fort|FORTIS||ADJ||Masc,Plur,Acc
fort|fort3|fort|FORTIS||ADJ||Fem,Sing
forteresse|forteresse|forterece|FORTIS||NOUN||Fem,Sing
fossés|fossés|fossé|FOSSA||NOUN||Masc,Plur,Nom
fossés|fossés1|fossé|FOSSA||NOUN||Masc,Plur,Acc
foïe|foïe|fuir|FUGERE||VERB||Ind,Part,Past,Sing,Fem
fu|fu|estre1|ESSE||VERB|auxCop|Fin,Ind,Past,3,Sing
fu|fu1|estre1|ESSE||VERB|auxPass|Fin,Ind,Past,3,Sing,MWEs
fu|fu2|estre1|ESSE||VERB|auxTens|Fin,Ind,Past,3,Sing,MWEs
fu|fu3|estre1|ESSE||VERB||Fin,Ind,Past,Intr,3,Sing
furent|furent|estre1|ESSE||VERB||Fin,Ind,Past,Intr,3,Plur
furent|furent2|estre1|ESSE||VERB|auxPass|Fin,Ind,Past,3,Plur,MWEs
furent|furent4|estre1|ESSE||VERB|auxCop|Fin,Ind,Past,3,Plur
fust|fust1|estre1|ESSE||VERB||Fin,Ind,Past,Intr,3,Sing
fust|fust2|estre1|ESSE||VERB|auxPass|Fin,Ind,Past,3,Sing,MWEs
garder|garder|warder|*WARDôN||VERB||Ind,Inf,Pres,Act,Trans
garnie|garnie|warnir|*WARNJAN||VERB|compPass|Ind,Part,Past,Sing,Fem,MWEs
gastee|gastee|gaster|VASTARE||VERB|compPass|Ind,Part,Past,Sing,Fem,MWEs
gent|gent|gent2|GENITUS||ADJ||Fem,Sing
gentil|gentil1|gentil|GENTILIS||NOUN||Fem,Sing
graces|graces|grace|GRATIA||NOUN||Fem,Plur
grandor|grandor|grandor|GRANDIS||NOUN||Fem,Sing
grant|grant|grant|GRANDIS||ADJ||Masc,Sing,Acc
grant|grant1|grant|GRANDIS||ADJ||Fem,Sing
grant|grant2|grant|GRANDIS||ADJ||Masc,Sing,Nom
grant|grant3|grant|GRANDIS||ADJ||Fem,Plur
grant|grant4|grant|GRANDIS||ADJ||Masc,Plur,Acc
greses|greses|Grèce|||PROPN||Fem,Sing
gresois|gresois1|gregois|GRAECUS||ADJ|Noun|Masc,Plur,Acc
gresse|gresse|Grèce|||PROPN||Fem,Sing
guerre|guerre|guerre|*WERRA||NOUN||Fem,Sing
hautes|hautes|haut|ALTUS||ADJ||Fem,Plur
hautre|hautre|autre|ALTER||NOUN||Fem,Sing
haï_las|haï_las||||||
hector|hector|Hector|||PROPN||Masc,Sing,Acc
helenus|helenus||||||
helia|helia||||||
helion|helion|Ilion|||PROPN||Masc,Sing,Nom
hergueil|hergueil|orgueil|*URGOLI||NOUN||Masc,Sing,Acc
ho|ho|avuec|AB HOC||ADP||
hocis|hocis1|ocire|OCCIDERE||VERB|compPass|Ind,Part,Past,Plur,Masc,MWEs
hocise|hocise|ocire|OCCIDERE||VERB|compPass|Ind,Part,Past,Sing,Fem,MWEs
home|home|ome|HOMO||NOUN||Masc,Sing,Nom
homes|homes1|ome|HOMO||NOUN||Masc,Plur,Acc
honies|honies||||||
hore|hore|or4|HORA||ADV||Tim
hornee|hornee|orner|ORNARE||VERB||Ind,Part,Past,Sing,Fem
horois|horois|öir|AUDIRE||VERB||Fin,Ind,Fut,Act,Trans,2,Plur
host|host|ost|HOSTIS||NOUN||Masc,Sing,Acc
hostajes|hostajes||||||
hot|hot|avoir|HABERE||VERB|auxTens|Fin,Ind,Past,3,Sing,MWEs
hot|hot1|avoir|HABERE||VERB||Fin,Ind,Past,Act,Trans,3,Sing
houtre|houtre|outre1|ULTRA||ADP||
hovrees|hovrees|ovrer|OPERARI||VERB|Adj|Ind,Part,Past,Plur,Fem
hovrer|hovrer|ovrer|OPERARI||VERB||Ind,Inf,Pres,Act,Intr
hovriers|hovriers|ovrier|OPERARIUS||NOUN||Masc,Plur,Acc
i|i|i2|HIC||PRON||
il|il|il|ILLE||PRON||Prs,3,Masc,Sing,Nom
il|il1|il|ILLE||PRON||Prs,3,Masc,Plur,Nom
il|il2|il|ILLE||PRON||Prs,3,Neut,Sing,Nom
ilion|ilion|Ilion|||PROPN||Masc,Sing,Acc
ilion|ilion1|Ilion|||PROPN||Masc,Sing,Nom
imaje|imaje|image|IMAGO||NOUN||Fem,Sing
indes|indes|inde|INDICUM||ADJ||Masc,Plur,Nom
jamés|jamés|ja|JAM||ADV||Tim
jaun|jaun|jaune|GALBINUS||ADJ||Masc,Sing,Acc
je|je|je|EGO||PRON||Prs,1,Sing,Nom
jeus|jeus||||||
joie|joie|joie|GAUDIUM||NOUN||Fem,Sing
jornees|jornees|jornee|DIURNUM||NOUN||Fem,Plur
jors|jors|jor|DIURNUM||NOUN||Masc,Plur,Acc
jupiter|jupiter|Jupiter|||PROPN||Masc,Sing,Acc
jusque|jusque||||||
jusque_au|jusque_au|jusque|USQUE||ADP|Adp|MWEs
l_en|l_en|on|HOMO||PRON||Prs,3,Nom
la|la|le|ILLE||DET||ArtDef,Fem,Sing
la|la1|le|ILLE||PRON||Prs,3,Fem,Sing,Acc
laboree|laboree|laborer|LABORARE||VERB|compPass|Ind,Part,Past,Sing,Fem,MWEs
laomedon|laomedon|Laomedon|||PROPN||Masc,Sing,Nom
laomedon|laomedon1|Laomedon|||PROPN||Masc,Sing,Acc
large|large1|large|LARGUS||ADJ|Noun|Masc,Sing,Acc
larges|larges|large|LARGUS||ADJ||Fem,Plur
le|le|le|ILLE||DET||ArtDef,Masc,Sing
le|le10|le|ILLE||PRON||Prs,Fem,Sing,Acc
le|le2|le|ILLE||DET||ArtDef,Fem,Sing
le|le3|le|ILLE||DET||ArtDef,Fem,Plur
le|le7|le|ILLE||PRON||Prs,3,Masc,Plur,Acc
le|le8|le|ILLE||DET||ArtDef,Masc,Plur
le_qels|le_qels2|quel1|QUALIS||PRON||Int,Masc,Sing,Acc
le_qels|le_qels3|quel1|QUALIS||PRON||Int,Fem,Plur
les|les|le|ILLE||DET||ArtDef,Masc,Plur
les|les2|le|ILLE||DET||ArtDef,Fem,Plur
les|les5|le|ILLE||DET||ArtDef,Masc,Sing
leu|leu|lieu|LOCUS||NOUN||Masc,Sing,Acc
leus|leus|lieu|LOCUS||NOUN||Masc,Plur,Acc
li|li|le|ILLE||DET||ArtDef,Masc,Sing
li|li1|li|ILLE||PRON||Prs,3,Masc,Sing,Acc
lingnee|lingnee|ligniee|LINEA||NOUN||Fem,Sing
lisans|lisans|lire1|LEGERE||VERB||Ind,Part,Pres,Act,Trans
lisant|lisant|lire1|LEGERE||VERB||Ind,Part,Pres,Act,Trans
lle|lle|le|ILLE||PRON||Prs,3,Fem,Plur,Acc
lonc|lonc|lonc|LONGUS||ADJ||Masc,Sing,Acc
longue|longue|lonc|LONGUS||ADJ||Fem,Sing
lor|lor2|lor3|ILLE||DET||Poss,Fem,Sing
lor|lor4|lor2|ILLE||PRON||Prs,3,Plur,Acc
lor|lor5|lor3|ILLE||DET||Poss,Fem,Plur
lor|lor6|lor3|ILLE||DET||Poss,Masc,Plur,Acc
loënges|loënges|löenge|LAUDARE||NOUN||Fem,Plur
lui|lui|lui|ILLE||PRON||Prs,3,Sing,Acc
là_où|là_où|là|ILLAC||ADV|Adv|Loc,MWEs
l’|l’|le|ILLE||DET||ArtDef,Masc,Sing
l’|l’1|le|ILLE||DET||ArtDef,Fem,Sing
l’|l’5|le|ILLE||PRON||Prs,3,Masc,Sing,Acc
ma|ma|mon1|MEUS||DET||Poss,Fem,Sing
maestrie|maestrie|maistrie|MAGISTER||NOUN||Fem,Sing
mainee|mainee|maisniee|MANSIO||NOUN||Fem,Sing
mainees|mainees|maisniee|MANSIO||NOUN||Fem,Sing
mainiere|mainiere|maniere|MANUARIUS||NOUN||Fem,Sing
maint|maint1|maint|*MANIGIþô-||DET||Ind,Masc,Plur,Acc
maintes|maintes|maint|*MANIGIþô-||DET||Ind,Masc,Plur,Nom
maintes|maintes3|maint|*MANIGIþô-||DET||Ind,Fem,Plur
maison|maison|maison|MANSIO||NOUN||Fem,Sing
maisons|maisons|maison|MANSIO||NOUN||Fem,Plur
maistre|maistre|maistre2|MAGISTER||ADJ||Masc,Sing,Acc
maistre|maistre1|maistre2|MAGISTER||ADJ||Masc,Sing,Nom
mangier|mangier1|mangier|MANDUCARE||VERB||Ind,Inf,Pres,Act,Trans
marbre|marbre|marbre|MARMOR||NOUN||Masc,Plur,Nom
marbre|marbre1|marbre|MARMOR||NOUN||Masc,Plur,Acc
marbre|marbre2|marbre|MARMOR||NOUN||Masc,Sing,Acc
martir|martir|martir|MARTYR||NOUN||Masc,Sing,Acc
masieres|masieres|maisiere|MACERIA||NOUN||Fem,Plur
masise|masise|massiz|MASSA||ADJ||Fem,Sing
masles|masles|masle|MASCULUS||ADJ||Masc,Plur,Nom
matire|matire|matiere|MATERIA||NOUN||Fem,Sing
me|me|moi|ME||PRON||Prs,1,Sing,Acc
menee|menee|mener|MINARE||VERB|compTens|Ind,Part,Past,Sing,Fem,MWEs
menee|menee1|mener|MINARE||VERB|compPass|Ind,Part,Past,Sing,Fem,MWEs
menéz|menéz|mener|MINARE||VERB|compPass|Ind,Part,Past,Sing,Masc,MWEs
mere|mere|mere|MATER||NOUN||Fem,Sing
mervoille|mervoille|merveille|MIRABILIA||NOUN||Fem,Sing
mervoilleus|mervoilleus|merveillos|MIRABILIA||ADJ||Masc,Sing,Nom
mervoilleuse|mervoilleuse|merveillos|MIRABILIA||ADJ||Fem,Sing
mervoilleusement|mervoilleusement|merveillosement|MIRABILIA||ADV||Man
mervoilleuses|mervoilleuses|merveillos|MIRABILIA||ADJ||Fem,Plur
mes|mes|mais1|MAGIS2||CCONJ||
mes|mes1|mon1|MEUS||DET||Poss,Fem,Plur
mesast|mesast||||||
mie|mie|mie1|MICA||ADV||Neg
miels|miels|mieus|MELIOR||ADV||Cmp
mil|mil|mil1|MILLE||NUM||Card
mis|mis2|metre2|MITTERE||VERB|compPass|Ind,Part,Past,Plur,Fem,MWEs
mist|mist|metre2|MITTERE||VERB||Fin,Ind,Past,Act,Trans,3,Sing
moi|moi|moi|ME||PRON||Prs,1,Sing,Acc
moillast|moillast|moillier|*MOLLIARE||VERB||Fin,Sub,Imp,Act,Trans,3,Sing
moins|moins|moins|MINUS||ADV|Adv|MWEs
monde|monde1|monde1|MUNDUS1||NOUN||Masc,Sing,Acc
mort|mort1|morir|MORI||VERB|compTens|Ind,Part,Past,Sing,Masc,MWEs
morte|morte|morir|MORI||VERB||Ind,Part,Past,Sing,Fem
moult|moult|mout|MULTUS||ADV||
moult|moult1|mout|MULTUS||DET||Ind
muer|muer|morir|MORI||VERB||Fin,Ind,Pres,Intr,1,Sing
murs|murs|mur|MURUS||NOUN||Masc,Plur,Acc
musiqe|musiqe1|musique1|MUSIVUM||NOUN||Masc,Sing,Acc
natorels|natorels|naturel|NATURALIS||ADJ||Fem,Plur
ne|ne|ne1|NON||ADV||Neg
nen|nen|non|NON||ADV||Neg
ni|ni|ne2|NEC||CCONJ||
noble|noble|noble2|NOBILIS||ADJ||Fem,Sing
nom|nom1|nom|NOMEN||NOUN||Masc,Sing,Acc
nomees|nomees|nomer|NOMINARE||VERB|compPass|Ind,Part,Past,Plur,Fem,MWEs
només|només|nomer|NOMINARE||VERB|compPass|Ind,Part,Past,Plur,Masc,MWEs
non|non|non|NON||ADV||Neg
non|non2|nom|NOMEN||NOUN||Masc,Sing,Acc
nons|nons|nom|NOMEN||NOUN||Masc,Plur,Acc
nons|nons1|nom|NOMEN||NOUN||Masc,Plur,Nom
nos|nos|nos|NOS||PRON||Prs,1,Plur,Nom
nos|nos1|nos|NOS||PRON||Prs,1,Plur,Acc
novelles|novelles|novele|NOVELLUS||NOUN||Fem,Plur
nues|nues|nüe|NUBES||NOUN||Fem,Plur
nulle|nulle|nul|NULLUS||DET||Ind,Fem,Sing
nuls|nuls|nul|NULLUS||DET||Ind,Masc,Sing,Nom
nuls|nuls3|nul|NULLUS||PRON||Ind,Sing,Nom
n’|n’|ne1|NON||ADV||Neg
ofrandes|ofrandes|ofrende|OFFERRE||NOUN||Fem,Plur
ome|ome|ome|HOMO||NOUN||Masc,Sing,Acc
onques|onques|onque|UMQUAM||ADV||Tim
ont|ont1|avoir|HABERE||VERB|auxTens|Fin,Ind,Pres,3,Plur,MWEs
or|or|or4|HORA||ADV||Tim
or|or1|or1|AURUM||NOUN||Masc,Sing,Acc
orent|orent1|avoir|HABERE||VERB|auxTens|Fin,Ind,Past,3,Plur,MWEs
osiauz|osiauz|oisel|AUCELLUS||NOUN||Masc,Plur,Acc
ot|ot1|avoir|HABERE||VERB|auxTens|Fin,Ind,Past,3,Sing,MWEs
oudir|oudir|öir|AUDIRE||VERB||Ind,Inf,Pres,Act,Trans
ovre|ovre|uevre|OPERA||NOUN||Fem,Sing
palais|palais|palais|PALATIUM||NOUN||Masc,Sing,Acc
palais|palais1|palais|PALATIUM||NOUN||Masc,Sing,Nom
palais|palais2|palais|PALATIUM||NOUN||Masc,Plur,Nom
par|par|par|PER||ADP||
parfondes|parfondes|parfont|PROFUNDUS||ADJ||Fem,Plur
paris|paris|Paris|||PROPN||Masc,Sing,Acc
parti|parti|partir|PARTIRE||VERB||Fin,Ind,Past,Rfl,3,Sing
pas|pas|pas|PASSUS1||PART||Neg
pas|pas1|pas|PASSUS1||NOUN||Masc,Plur,Acc
pasoient|pasoient|passer1|*PASSARE||VERB||Fin,Ind,Imp,Act,Trans,3,Plur
pavees|pavees|paver|PAVIRE||VERB|Adj|Ind,Part,Past,Plur,Fem
pavement|pavement1|pavement|PAVIMENTUM||NOUN||Masc,Sing,Nom
païs|païs|päis|PAGENSIS||NOUN||Masc,Sing,Acc
païs|païs1|päis|PAGENSIS||NOUN||Masc,Sing,Nom
penser|penser|penser|PENSARE||VERB||Ind,Inf,Pres,Intr
pere|pere|pere2|PATER||NOUN||Masc,Sing,Nom
perie|perie|perir|PERIRE||VERB|compTens|Ind,Part,Past,Sing,Fem,MWEs
peries|peries|perir|PERIRE||VERB|compTens|Ind,Part,Past,Plur,Fem,MWEs
perte|perte|perte|PERDERE||NOUN||Fem,Sing
petis|petis|petit|*PETTITTUS||ADJ||Masc,Plur,Acc
peüst|peüst|pöoir|POSSE||VERB|auxMod|Fin,Sub,Imp,3,Sing
piere|piere1|piere|PETRA||NOUN||Fem,Plur
pieres|pieres|piere|PETRA||NOUN||Fem,Plur
piez|piez|pié|PES||NOUN||Masc,Plur,Acc
piliers|piliers|piler|*PILARE||NOUN||Masc,Sing,Nom
pinture|pinture|peinture|PICTURA||NOUN||Fem,Sing
pié|pié|pié|PES||NOUN||Masc,Sing,Acc
place|place|place|PLATEA||NOUN||Fem,Sing
plaingnoit|plaingnoit|plaindre|PLANGERE||VERB||Fin,Ind,Imp,Intr,3,Sing
plainte|plainte|plainte|PLANGERE||NOUN||Fem,Sing
plorerent|plorerent|plorer|PLORARE||VERB||Fin,Ind,Past,Intr,3,Plur
plus|plus|plus|PLUS||ADV||
plus_qe|plus_qe|plus|PLUS||ADV|Adv|MWEs
plusors|plusors|plusor|PLURIORES||DET||Ind,Masc,Plur,Acc
poi_de|poi_de|poi|PAUCUS||ADV|Adv|MWEs
poira|poira|pöoir|POSSE||VERB|auxMod|Fin,Ind,Fut,3,Sing
poiront|poiront|pöoir|POSSE||VERB|auxMod|Fin,Ind,Fut,3,Plur
polisenan|polisenan|Polixène|||PROPN||Fem,Sing
pooir|pooir|pöoir|POSSE||VERB|Noun|Ind,Inf,Pres
pooit|pooit1|pöoir|POSSE||VERB|auxMod|Fin,Ind,Pres,3,Sing
por|por|por2|PRO||ADP||
por_ce_qe|por_ce_qe|por2|PRO||ADP|SConj |MWEs
por_qoi|por_qoi|por2|PRO/QUID||ADV||Int
poroit|poroit|pöoir|POSSE||VERB|auxMod|Fin,Cnd,Pres,3,Sing
porqoi|porqoi|por2|PRO/QUID||ADV||Int
porte|porte|porte1|PORTA||NOUN||Fem,Sing
portes|portes|porte1|PORTA||NOUN||Fem,Plur
portés|portés|porter|PORTARE||VERB||Ind,Part,Past,Plur,Masc
praëls|praëls|präel|PRATUM||NOUN||Masc,Plur,Acc
preciousez|preciousez|precïos|PRETIOSUS||ADJ||Fem,Plur
premierement|premierement|premierement|PRIMARIUS||ADV||
premiers|premiers|premier|PRIMARIUS||ADJ||Masc,Sing,Nom
prendre|prendre|prendre|PREHENDERE||VERB||Ind,Inf,Pres,Act,Trans
preus|preus|pro|PRODE||ADJ||Masc,Sing,Nom
preuz|preuz1|pro|PRODE||ADJ||Masc,Plur,Nom
priant|priant|Priam|||PROPN||Masc,Sing,Nom
priant|priant1|Priam|||PROPN||Masc,Sing,Acc
prime|prime|prim|PRIMUS||NOUN|Adv|Fem,Sing
prise|prise2|prendre|PREHENDERE||VERB||Ind,Part,Past,Sing,Fem
prist|prist|prendre|PREHENDERE||VERB||Fin,Ind,Past,Act,Trans,3,Sing
proësse|proësse|pröece|PRODE||NOUN||Fem,Sing
près|près|près|PRESSE||ADV||Loc
puepla|puepla|popler|POPULUS1||VERB||Fin,Ind,Past,Act,Trans,3,Sing
pueplé|pueplé|popler|POPULUS1||VERB|compPass|Ind,Part,Past,Sing,Fem,MWEs
puet|puet|pöoir|POSSE||VERB|auxMod|Fin,Ind,Pres,3,Sing
puie|puie|puiz|PUTEUS||NOUN||Masc,Plur,Acc
puis|puis|puis|POSTEA||ADV||Tim
puis_aprés|puis_aprés|après|AD PRESSUM||ADV|Adv|Tim,MWEs
qart|qart|cart|QUARTUS||NUM||Ord
qarte|qarte|cart|QUARTUS||NUM||Ord
qe|qe|queque|QUID||PRON||Rel,Nom
qe|qe1|queque|QUID||PRON||Rel,Acc
qe|qe2|queque|QUID||DET||Int
qe|qe3|queque|QUID||SCONJ||
qel|qel|quel1|QUALIS||DET||Int,Fem,Sing
qel|qel2|quel1|QUALIS||DET||Exc,Masc,Sing,Nom
qi|qi|qui|QUI||PRON||Rel,Nom
qi|qi1|queque|QUID||SCONJ||
qi|qi2|qui|QUI||PRON||Rel,Acc
qi|qi4|qui|QUI||PRON||Int,Sing,Nom
qinte|qinte|quint|QUINTUS||NUM||Ord
qoi|qoi|coi2|QUID||PRON||Rel,Acc
quant|quant|cant1|QUANDO||SCONJ||
que|que|queque|QUID||SCONJ||
quel|quel|quel1|QUALIS||DET||Exc,Masc,Sing,Nom
qui|qui|qui|QUI||PRON||Rel,Nom
quit|quit|quint|QUINTUS||NUM||Ord
q’|q’|queque|QUID||PRON||Rel,Acc
q’|q’1|queque|QUID||SCONJ||
raconte|raconte|raconter|COMPUTARE||VERB||Fin,Ind,Pres,Act,Trans,3,Sing
referoient|referoient|refaire2|FACERE||VERB||Fin,Ind,Imp,Act,Trans,3,Plur
refete|refete|refaire2|FACERE||VERB|compPass|Ind,Part,Past,Sing,Fem,MWEs
refist|refist|refaire2|FACERE||VERB||Fin,Ind,Past,Act,Trans,3,Sing
regarder|regarder|regarder|*WARDôN||VERB||Ind,Inf,Pres,Act,Trans
regardoit|regardoit|regarder|*WARDôN||VERB||Fin,Ind,Imp,Act,Trans,3,Sing
remanant|remanant|remanant|REMANERE||NOUN||Masc,Sing,Acc
remirer|remirer|remirer|MIRARI||VERB||Ind,Inf,Pres,Act,Trans
rendirent|rendirent|rendre|REDDERE||VERB||Fin,Ind,Past,Act,Trans,3,Plur
reson|reson||||||
restorer|restorer|restorer|RESTAURARE||VERB||Ind,Inf,Pres,Act,Trans
restourer|restourer|restorer|RESTAURARE||VERB||Ind,Inf,Pres,Act,Trans
riche|riche|riche|RîKI||ADJ||Fem,Sing
riche|riche1|riche|RîKI||ADJ||Fem,Plur
riche|riche2|riche|RîKI||ADJ||Masc,Sing,Nom
riche|riche3|riche|RîKI||ADJ||Masc,Sing,Acc
riches|riches|riche|RîKI||ADJ||Fem,Plur
riches|riches2|riche|RîKI||ADJ||Masc,Plur,Acc
richesses|richesses|richece|RîKI||NOUN||Fem,Plur
rienz|rienz1|rien|RES||NOUN||Fem,Sing
roche|roche|roche3|*ROCCA||NOUN||Fem,Sing
roi|roi|roi|REX||NOUN||Masc,Sing,Nom
roi|roi1|roi|REX||NOUN||Masc,Sing,Acc
roubés|roubés|rober|*RAUBôN||VERB||Ind,Part,Past,Plur,Masc
rues|rues|rüe2|RUGA||NOUN||Fem,Plur
sa|sa|suen|SUUS||DET||Poss,Fem,Sing
sacrees|sacrees|sacrer|SACRARE||VERB|Adj|Ind,Part,Past,Plur,Fem
sacrefices|sacrefices|sacrefise|SACRIFICIUM||NOUN||Masc,Plur,Acc
saje|saje|sage|SAPIDUS||ADJ||Masc,Sing,Nom
sale|sale|sale1|*SAL||NOUN||Fem,Sing
sans|sans|sans|SINE||ADP||
savoir|savoir|savoir|SAPERE||VERB|Noun|Ind,Inf,Pres
savoit|savoit|savoir|SAPERE||VERB|auxMod|Fin,Ind,Imp,3,Sing
se|se|soi|SE||PRON||Prs,3,Sing,Acc
se|se2|se|SI||SCONJ||
se|se4|ce1|HOC||PRON||Dem,Neut,Sing,Acc
segonde|segonde|secont1|SECUNDUS||ADJ||Fem,Sing
segont|segont|secont1|SECUNDUS||ADJ||Masc,Sing,Nom
selonc|selonc|selonc|SECUNDUS||ADP||
senblance|senblance|semblance|SIMILARE||NOUN||Fem,Sing
senbloit|senbloit|sembler|SIMILARE||VERB||Fin,Ind,Imp,Intr,3,Sing
senee|senee|sené2|SINNO-||ADJ||Fem,Sing
sens|sens|sens|SENSUS||NOUN||Masc,Sing,Acc
seoit|seoit|sëoir|SEDERE||VERB||Fin,Ind,Imp,Intr,3,Sing
seroit|seroit|estre1|ESSE||VERB|auxPass|Fin,Cnd,Pres,3,Sing,MWEs
serors|serors|seror|SOROR||NOUN||Fem,Plur
servaje|servaje|servage|SERVUS||NOUN||Masc,Sing,Acc
ses|ses1|suen|SUUS||DET||Poss,Masc,Plur,Acc
ses|ses2|suen|SUUS||DET||Poss,Fem,Plur
seulement|seulement|solement|SOLUS||ADV||
seür|seür|sëur2|SECURUS||ADJ||Masc,Sing,Nom
si|si|si|SIC||ADV||
si_com|si_com||||||
si_q’|si_q’||||||
siegne|siegne|siege|SEDICARE||NOUN||Masc,Sing,Acc
siste|siste||||||
soi|soi|soi1|SE||PRON||Prs,3,Acc
solacier|solacier||||||
somet|somet|somet|SUMMUS||NOUN||Masc,Sing,Acc
son|son|suen|SUUS||DET||Poss,Masc,Sing,Nom
son|son1|suen|SUUS||DET||Poss,Masc,Sing,Acc
sont|sont3|estre1|ESSE||VERB|auxTens|Fin,Ind,Pres,3,Plur,MWEs
sor|sor|sor2|SUPER||ADP||
sot|sot|savoir|SAPERE||VERB||Fin,Ind,Past,Act,Trans,3,Sing
soutilment|soutilment|sotilment|SUBTILIS||ADV||Man
sui|sui|estre1|ESSE||VERB||Fin,Ind,Pres,Intr,1,Sing
suor|suor|seror|SOROR||NOUN||Fem,Sing
s’|s’|soi|SE||PRON||Prs,3,Sing,Acc
s’|s’3|se|SI||SCONJ||
ta|ta|ton4|TUUS||DET||Poss,Fem,Sing
table|table|table|TABULA||NOUN||Fem,Sing
tables|tables|table|TABULA||NOUN||Fem,Plur
taillee|taillee1|taillier1|TALIARE||VERB|compPass|Ind,Part,Past,Sing,Fem,MWEs
talemon|talemon|Talemon|||PROPN||Masc,Sing,Nom
tel|tel6|tel|TALIS||DET||Ind,Fem,Sing
temer|temer|tamoir|TIMERE||VERB||Ind,Inf,Pres,Act,Trans
temoingne|temoingne|tesmoignier|TESTIMONIUM||VERB||Fin,Ind,Pres,Act,Trans,3,Sing
temple|temple1|temple3|TEMPLUM||NOUN||Masc,Sing,Acc
tenz|tenz|tens|TEMPS1||NOUN||Masc,Sing,Acc
terme|terme|terme|TERMINUS||NOUN||Masc,Sing,Acc
terres|terres|terre|TERRA||NOUN||Fem,Plur
tierce|tierce1|tierz|TERTIUS||NUM||Ord
tiers|tiers|tierz|TERTIUS||NUM||Ord
tierse|tierse|tierz|TERTIUS||NUM||Ord
tinbee|tinbee||||||
tochast|tochast|tochier|TOKK-||VERB||Fin,Ind,Past,Act,Trans,3,Sing
tor|tor|tor2|TURRIS||NOUN||Fem,Sing
tornoi|tornoi|tornoi|TORNARE||NOUN||Masc,Plur,Acc
torres|torres|tor2|TURRIS||NOUN||Fem,Plur
tos|tos|tot|TOTUS||DET||Ind,Masc,Sing,Nom
tos|tos1|tot|TOTUS||DET||Ind,Masc,Plur,Acc
tos|tos3|tot|TOTUS||ADV||
tos|tos4|tot|TOTUS||PRON||Ind,Masc,Plur,Nom
tos|tos8|tot|TOTUS||DET||Ind,Fem,Plur
tot|tot1|tot|TOTUS||DET||Ind,Masc,Plur,Acc
tot|tot3|tot|TOTUS||DET||Ind,Masc,Sing,Acc
tot|tot4|tot|TOTUS||ADV||
tot|tot7|tot|TOTUS||DET||Ind,Fem,Sing
tot_ce|tot_ce|tot|TOTUS||DET|Pron|Ind,Neut,Sing,MWEs
tot_maintenat|tot_maintenat||||||
tote|tote|tot|TOTUS||DET||Ind,Fem,Sing
toute|toute|tot|TOTUS||DET||Ind,Fem,Sing
toutes|toutes|tot|TOTUS||DET||Ind,Fem,Plur
toz|toz|tot|TOTUS||DET||Ind,Masc,Plur,Nom
traïe|traïe|träir|TRADERE||VERB|compPass|Ind,Part,Past,Sing,Fem,MWEs
tregetés|tregetés|tresjeter|JACTARE||VERB|compPass|Ind,Part,Past,Sing,Masc,MWEs
trenchier|trenchier|trenchier1|*TRINICARE||VERB||Ind,Inf,Pres,Act,Trans
trepassa|trepassa|trespasser|*PASSARE||VERB||Fin,Ind,Past,Act,Trans,3,Sing
trer|trer|trere|TRAHERE||VERB||Ind,Inf,Pres,Act,Trans
tresor|tresor|tresor|THESAURUS||NOUN||Masc,Sing,Acc
troie|troie|Troie|||PROPN||Fem,Sing
troielus|troielus|Troïlus|||PROPN||Masc,Sing,Acc
troielus|troielus1|Troïlus|||PROPN||Masc,Sing,Nom
troiene|troiene||||||
trois|trois|trois1|TRES||NUM||Ord
trop|trop|trop|THORP||ADV||
trova|trova|trover|*TROPARE||VERB||Fin,Ind,Past,Act,Trans,3,Sing
troverent|troverent|trover|*TROPARE||VERB||Fin,Ind,Past,Act,Trans,3,Plur
trovoit|trovoit|trover|*TROPARE||VERB||Fin,Ind,Imp,Act,Trans,3,Sing
trovons|trovons|trover|*TROPARE||VERB||Fin,Ind,Pres,Act,Trans,1,Plur
trovés|trovés2|trover|*TROPARE||VERB|compTens|Ind,Part,Past,Sing,Masc,MWEs
très|très|très|TRANS||ADV||Deg
tu|tu|tu|TU||PRON||Prs,2,Sing,Nom
un|un|un|UNUS||DET||ArtIndef,Masc,Sing
une|une|un|UNUS||DET||ArtIndef,Fem,Sing
une|une1|un|UNUS||PRON||Ind,Fem,Sing
uoucisses|uoucisses||||||
v|v||||||
vaillance|vaillance|vailance|VALERE||NOUN||Fem,Sing
vaillant|vaillant|valoir|VALERE||VERB|Adj|Ind,Part,Pres
vainqui|vainqui|veintre|VINCERE||VERB||Fin,Ind,Past,Act,Trans,3,Sing
vallor|vallor|valor|VALOR||NOUN||Fem,Sing
valor|valor|valor|VALOR||NOUN||Fem,Sing
vengiance|vengiance|venjance|VINDICARE||NOUN||Fem,Sing
venir|venir|venir|VENIRE||VERB||Ind,Inf,Pres,Intr
venist|venist|venir|VENIRE||VERB||Fin,Ind,Past,Intr,3,Sing
veoir|veoir|vëoir|VIDERE||VERB||Ind,Inf,Pres,Act,Trans
veraiement|veraiement|veraiement|*VERACUS||ADV||Man
vermoil|vermoil|vermeil1|VERMICULUS||ADJ||Masc,Sing,Acc
vermoils|vermoils|vermeil1|VERMICULUS||ADJ||Masc,Plur,Nom
vers|vers1|vert|VIRIDIS||ADJ||Masc,Sing,Acc
versiers|versiers1|vergier1|VIRIDIARIUM||NOUN||Masc,Plur,Acc
veïsse|veïsse|vëoir|VIDERE||VERB||Fin,Sub,Imp,Act,Trans,1,Sing
vie|vie|vie1|VITA||NOUN||Fem,Sing
vies|vies|vie1|VITA||NOUN||Fem,Plur
viii|viii||||||
ville|ville|vile|VILLA||NOUN||Fem,Sing
vindrent|vindrent|venir|VENIRE||VERB||Fin,Ind,Past,Intr,3,Plur
vint|vint1|venir|VENIRE||VERB||Fin,Ind,Past,Rfl,3,Sing
vivant|vivant|vivre1|VIVERE||VERB|Adj|Ind,Part,Pres
vivre|vivre|vivre1|VIVERE||VERB||Ind,Inf,Pres,Intr
vj|vj||||||
voirement|voirement|voirement|VERUS||ADV||Man
volentiers|volentiers|volentiers|VOLUNTARIUS||ADV||Man
voloie|voloie|voloir|VELLE||VERB|auxMod|Fin,Sub,Imp,1,Sing
vos|vos|vos|VOS||PRON||Prs,2,Plur,Acc
vostre|vostre2|vostre|VESTER||DET||Poss,Fem,Sing
voxissent|voxissent|voloir|VELLE||VERB|auxMod|Fin,Sub,Imp,3,Plur
x|x||||||
xc|xc||||||
xxx|xxx||||||
à|à|a3|AD||ADP||
à_tant_de|à_tant_de||||||